{"antecedent":["汽车用品"],"consequent":["电子产品"],"confidence":0.4492939985285458,"lift":0.927842769616551}
{"antecedent":["汽车用品"],"consequent":["食品"],"confidence":0.4496862921754504,"lift":0.9279108892822007}
{"antecedent":["汽车用品"],"consequent":["服装"],"confidence":0.452183245474431,"lift":0.9280722331249639}
{"antecedent":["电子产品","食品"],"consequent":["服装"],"confidence":0.4472511522173585,"lift":0.9179494812342579}
{"antecedent":["汽车用品","母婴"],"consequent":["电子产品"],"confidence":0.4121947452341227,"lift":0.8512286282299808}
{"antecedent":["汽车用品","母婴"],"consequent":["食品"],"confidence":0.41251798880532137,"lift":0.8512154817650179}
{"antecedent":["汽车用品","母婴"],"consequent":["服装"],"confidence":0.41487734316906333,"lift":0.8515046636544094}
{"antecedent":["母婴","家居"],"consequent":["电子产品"],"confidence":0.41722013569062383,"lift":0.8616066261886345}
{"antecedent":["母婴","家居"],"consequent":["食品"],"confidence":0.4170429456796328,"lift":0.860552561480954}
{"antecedent":["母婴","家居"],"consequent":["服装"],"confidence":0.42012950455850673,"lift":0.8622843314068472}
{"antecedent":["母婴","服装"],"consequent":["电子产品"],"confidence":0.4288687081448981,"lift":0.8856622418065808}
{"antecedent":["母婴","服装"],"consequent":["食品"],"confidence":0.4285763222051755,"lift":0.8843512537125315}
{"antecedent":["电子产品","服装"],"consequent":["食品"],"confidence":0.44490535393179814,"lift":0.918045601559488}
{"antecedent":["母婴","食品"],"consequent":["电子产品"],"confidence":0.4285227564628198,"lift":0.8849478125733744}
{"antecedent":["母婴","食品"],"consequent":["服装"],"confidence":0.43115478627864123,"lift":0.8849128961076499}
{"antecedent":["玩具","服装"],"consequent":["电子产品"],"confidence":0.43134084735883327,"lift":0.8907674880432265}
{"antecedent":["玩具","服装"],"consequent":["食品"],"confidence":0.4311922739891795,"lift":0.8897491726361252}
{"antecedent":["汽车用品","运动户外"],"consequent":["电子产品"],"confidence":0.41190028367768733,"lift":0.8506205319122837}
{"antecedent":["汽车用品","运动户外"],"consequent":["食品"],"confidence":0.4124773109496207,"lift":0.8511315445271833}
{"antecedent":["汽车用品","运动户外"],"consequent":["服装"],"confidence":0.4149408277078261,"lift":0.851634960913868}
{"antecedent":["玩具","电子产品"],"consequent":["食品"],"confidence":0.43148521772454024,"lift":0.8903536511063788}
{"antecedent":["玩具","电子产品"],"consequent":["服装"],"confidence":0.43412322679175824,"lift":0.8910053978610412}
{"antecedent":["服装"],"consequent":["食品"],"confidence":0.45687806259829594,"lift":0.9427508392755448}
{"antecedent":["服装"],"consequent":["电子产品"],"confidence":0.4565358701266763,"lift":0.9427980510643844}
{"antecedent":["家居","服装"],"consequent":["电子产品"],"confidence":0.4334697213057724,"lift":0.895163852796732}
{"antecedent":["家居","服装"],"consequent":["食品"],"confidence":0.4340748690116957,"lift":0.8956972999358114}
{"antecedent":["母婴","电子产品"],"consequent":["食品"],"confidence":0.42848228044367104,"lift":0.8841572020457016}
{"antecedent":["母婴","电子产品"],"consequent":["服装"],"confidence":0.4314081789034473,"lift":0.8854329654855287}
{"antecedent":["汽车用品","玩具"],"consequent":["电子产品"],"confidence":0.4144139615431996,"lift":0.8558115601483587}
{"antecedent":["汽车用品","玩具"],"consequent":["食品"],"confidence":0.4147512583466995,"lift":0.8558237501561268}
{"antecedent":["汽车用品","玩具"],"consequent":["服装"],"confidence":0.41791477344484296,"lift":0.8577387617268545}
{"antecedent":["运动户外","食品"],"consequent":["电子产品"],"confidence":0.42831940139884456,"lift":0.8845278614358291}
{"antecedent":["运动户外","食品"],"consequent":["服装"],"confidence":0.4314037002422139,"lift":0.8854237733688949}
{"antecedent":["运动户外","电子产品"],"consequent":["食品"],"confidence":0.42877753762025866,"lift":0.8847664542156286}
{"antecedent":["运动户外","电子产品"],"consequent":["服装"],"confidence":0.4312449133542388,"lift":0.8850978751778653}
{"antecedent":["办公","家居"],"consequent":["电子产品"],"confidence":0.41720380889758363,"lift":0.8615729095199877}
{"antecedent":["办公","家居"],"consequent":["食品"],"confidence":0.4176516144026154,"lift":0.8618085266856943}
{"antecedent":["办公","家居"],"consequent":["服装"],"confidence":0.420172409843124,"lift":0.8623723912889992}
{"antecedent":["汽车用品","食品"],"consequent":["电子产品"],"confidence":0.42820367401054255,"lift":0.8842888713294972}
{"antecedent":["汽车用品","食品"],"consequent":["服装"],"confidence":0.4313871716751109,"lift":0.8853898497232597}
{"antecedent":["家居"],"consequent":["电子产品"],"confidence":0.4517951261156777,"lift":0.9330078801125937}
{"antecedent":["家居"],"consequent":["食品"],"confidence":0.45234705565130723,"lift":0.9334012754603246}
{"antecedent":["家居"],"consequent":["服装"],"confidence":0.454639856172147,"lift":0.9331142425292617}
{"antecedent":["运动户外","家居"],"consequent":["电子产品"],"confidence":0.4171313536186266,"lift":0.8614232811988416}
{"antecedent":["运动户外","家居"],"consequent":["食品"],"confidence":0.41762047218903897,"lift":0.8617442658896756}
{"antecedent":["运动户外","家居"],"consequent":["服装"],"confidence":0.41995764213732173,"lift":0.8619315966635418}
{"antecedent":["汽车用品","服装"],"consequent":["电子产品"],"confidence":0.4283348698230913,"lift":0.8845598054761272}
{"antecedent":["汽车用品","服装"],"consequent":["食品"],"confidence":0.4290050541768787,"lift":0.885235926143177}
{"antecedent":["汽车用品","家居"],"consequent":["电子产品"],"confidence":0.4170364659382089,"lift":0.8612273274391885}
{"antecedent":["汽车用品","家居"],"consequent":["食品"],"confidence":0.41750058415303726,"lift":0.8614968813995626}
{"antecedent":["汽车用品","家居"],"consequent":["服装"],"confidence":0.41943864125510577,"lift":0.8608663862370772}
{"antecedent":["办公","服装"],"consequent":["电子产品"],"confidence":0.42863952925849114,"lift":0.8851889615638048}
{"antecedent":["办公","服装"],"consequent":["食品"],"confidence":0.4290503743228421,"lift":0.8853294425737978}
{"antecedent":["办公","电子产品"],"consequent":["食品"],"confidence":0.4288989238986672,"lift":0.8850169302730593}
{"antecedent":["办公","电子产品"],"consequent":["服装"],"confidence":0.4314243620779798,"lift":0.8854661802387903}
{"antecedent":["玩具","食品"],"consequent":["电子产品"],"confidence":0.43133771634922874,"lift":0.8907610221553386}
{"antecedent":["玩具","食品"],"consequent":["服装"],"confidence":0.43382534299367964,"lift":0.8903940136833622}
{"antecedent":["母婴","玩具"],"consequent":["电子产品"],"confidence":0.41521306242881006,"lift":0.8574617935842295}
{"antecedent":["母婴","玩具"],"consequent":["食品"],"confidence":0.41488284061927294,"lift":0.856095265267176}
{"antecedent":["母婴","玩具"],"consequent":["服装"],"confidence":0.41812987096017346,"lift":0.8581802332616589}
{"antecedent":["食品"],"consequent":["服装"],"confidence":0.4593350807856345,"lift":0.9427508392755447}
{"antecedent":["食品"],"consequent":["电子产品"],"confidence":0.45658367491028673,"lift":0.9428967733330353}
{"antecedent":["家居","电子产品"],"consequent":["食品"],"confidence":0.43386937174840795,"lift":0.8952732639986697}
{"antecedent":["家居","电子产品"],"consequent":["服装"],"confidence":0.4361990653679131,"lift":0.895265901013823}
{"antecedent":["食品","服装"],"consequent":["电子产品"],"confidence":0.4445721287779509,"lift":0.9180915761407666}
{"antecedent":["母婴"],"consequent":["电子产品"],"confidence":0.4496026083706578,"lift":0.9284800837395393}
{"antecedent":["母婴"],"consequent":["食品"],"confidence":0.4495601412589087,"lift":0.9276505815717172}
{"antecedent":["母婴"],"consequent":["服装"],"confidence":0.45226485127913085,"lift":0.9282397229250875}
{"antecedent":["办公","食品"],"consequent":["电子产品"],"confidence":0.4284947105966634,"lift":0.8848898946972931}
{"antecedent":["办公","食品"],"consequent":["服装"],"confidence":0.43143089326539513,"lift":0.8854795850116345}
{"antecedent":["运动户外","玩具"],"consequent":["电子产品"],"confidence":0.41489231924464637,"lift":0.8567994227417416}
{"antecedent":["运动户外","玩具"],"consequent":["食品"],"confidence":0.4150011633477878,"lift":0.8563394198036806}
{"antecedent":["运动户外","玩具"],"consequent":["服装"],"confidence":0.4182359122557543,"lift":0.858397875076074}
{"antecedent":["运动户外"],"consequent":["电子产品"],"confidence":0.4492872195681432,"lift":0.9278287702989201}
{"antecedent":["运动户外"],"consequent":["食品"],"confidence":0.4497677832512974,"lift":0.928079043077354}
{"antecedent":["运动户外"],"consequent":["服装"],"confidence":0.4524466417242901,"lift":0.9286128341937784}
{"antecedent":["汽车用品","电子产品"],"consequent":["食品"],"confidence":0.4285775529883293,"lift":0.8843537933876576}
{"antecedent":["汽车用品","电子产品"],"consequent":["服装"],"confidence":0.43108933620480483,"lift":0.8847785647347132}
{"antecedent":["电子产品"],"consequent":["食品"],"confidence":0.45694878549418294,"lift":0.9428967733330355}
{"antecedent":["电子产品"],"consequent":["服装"],"confidence":0.459358083714868,"lift":0.9427980510643844}
{"antecedent":["母婴","办公"],"consequent":["电子产品"],"confidence":0.41306401120831066,"lift":0.8530237604856206}
{"antecedent":["母婴","办公"],"consequent":["食品"],"confidence":0.4119063036996556,"lift":0.8499532923671308}
{"antecedent":["母婴","办公"],"consequent":["服装"],"confidence":0.4153687887906256,"lift":0.8525133189728615}
{"antecedent":["运动户外","服装"],"consequent":["电子产品"],"confidence":0.42823354227016014,"lift":0.88435055265357}
{"antecedent":["运动户外","服装"],"consequent":["食品"],"confidence":0.4288494333937078,"lift":0.884914808462217}
{"antecedent":["玩具"],"consequent":["电子产品"],"confidence":0.4508810927371011,"lift":0.9311202981188926}
{"antecedent":["玩具"],"consequent":["食品"],"confidence":0.45103527721659326,"lift":0.9306944695934877}
{"antecedent":["玩具"],"consequent":["服装"],"confidence":0.4537895172158122,"lift":0.9313689855299874}
{"antecedent":["家居","食品"],"consequent":["电子产品"],"confidence":0.43333998768835663,"lift":0.8948959382479297}
{"antecedent":["家居","食品"],"consequent":["服装"],"confidence":0.43627505374445685,"lift":0.895421861463522}
{"antecedent":["运动户外","母婴"],"consequent":["电子产品"],"confidence":0.4126085477071677,"lift":0.8520831769974285}
{"antecedent":["运动户外","母婴"],"consequent":["食品"],"confidence":0.4123836752641225,"lift":0.8509383307830444}
{"antecedent":["运动户外","母婴"],"consequent":["服装"],"confidence":0.4151765636389014,"lift":0.8521187912507291}
{"antecedent":["玩具","家居"],"consequent":["电子产品"],"confidence":0.4196767778391316,"lift":0.8666798692377142}
{"antecedent":["玩具","家居"],"consequent":["食品"],"confidence":0.42015283202450554,"lift":0.8669696959456878}
{"antecedent":["玩具","家居"],"consequent":["服装"],"confidence":0.42281433469179025,"lift":0.8677947441041229}
{"antecedent":["办公","玩具"],"consequent":["电子产品"],"confidence":0.41505403121222245,"lift":0.8571333761895227}
{"antecedent":["办公","玩具"],"consequent":["食品"],"confidence":0.41556248685028524,"lift":0.8574976899120658}
{"antecedent":["办公","玩具"],"consequent":["服装"],"confidence":0.4183490377083301,"lift":0.8586300565919661}
{"antecedent":["运动户外","办公"],"consequent":["电子产品"],"confidence":0.41234917391008685,"lift":0.8515475408593149}
{"antecedent":["运动户外","办公"],"consequent":["食品"],"confidence":0.4127103504087554,"lift":0.8516124127580503}
{"antecedent":["运动户外","办公"],"consequent":["服装"],"confidence":0.41548312310489294,"lift":0.852747981586806}
{"antecedent":["汽车用品","办公"],"consequent":["电子产品"],"confidence":0.4121033576280394,"lift":0.8510399025184986}
{"antecedent":["汽车用品","办公"],"consequent":["食品"],"confidence":0.4129519708609368,"lift":0.8521109875479729}
{"antecedent":["汽车用品","办公"],"consequent":["服装"],"confidence":0.41523347346237843,"lift":0.8522355943996509}
{"antecedent":["办公"],"consequent":["电子产品"],"confidence":0.44945561324811567,"lift":0.9281765222362335}
{"antecedent":["办公"],"consequent":["食品"],"confidence":0.4498795996662495,"lift":0.9283097720785264}
{"antecedent":["办公"],"consequent":["服装"],"confidence":0.45237568631007063,"lift":0.9284672035221734}
