{"items":["服装"],"freq":65775848}
{"items":["食品"],"freq":65424008}
{"items":["食品","服装"],"freq":30051542}
{"items":["电子产品"],"freq":65371733}
{"items":["电子产品","食品"],"freq":29871534}
{"items":["电子产品","食品","服装"],"freq":13360078}
{"items":["电子产品","服装"],"freq":30029034}
{"items":["家居"],"freq":33908314}
{"items":["家居","电子产品"],"freq":15319611}
{"items":["家居","电子产品","食品"],"freq":6646710}
{"items":["家居","电子产品","食品","服装"],"freq":2499652}
{"items":["家居","电子产品","服装"],"freq":6682400}
{"items":["家居","食品"],"freq":15338326}
{"items":["家居","食品","服装"],"freq":6691729}
{"items":["家居","服装"],"freq":15416071}
{"items":["玩具"],"freq":27039038}
{"items":["玩具","电子产品"],"freq":12191391}
{"items":["玩具","电子产品","食品"],"freq":5260405}
{"items":["玩具","电子产品","食品","服装"],"freq":1960886}
{"items":["玩具","电子产品","服装"],"freq":5292566}
{"items":["玩具","食品"],"freq":12195560}
{"items":["玩具","食品","服装"],"freq":5290743}
{"items":["玩具","家居"],"freq":6226182}
{"items":["玩具","家居","电子产品"],"freq":2612984}
{"items":["玩具","家居","电子产品","食品"],"freq":928303}
{"items":["玩具","家居","电子产品","服装"],"freq":934780}
{"items":["玩具","家居","食品"],"freq":2615948}
{"items":["玩具","家居","食品","服装"],"freq":936292}
{"items":["玩具","家居","服装"],"freq":2632519}
{"items":["玩具","服装"],"freq":12270032}
{"items":["办公"],"freq":18460497}
{"items":["办公","电子产品"],"freq":8297174}
{"items":["办公","电子产品","食品"],"freq":3558649}
{"items":["办公","电子产品","食品","服装"],"freq":1314155}
{"items":["办公","电子产品","服装"],"freq":3579603}
{"items":["办公","玩具"],"freq":3365092}
{"items":["办公","玩具","电子产品"],"freq":1396695}
{"items":["办公","玩具","食品"],"freq":1398406}
{"items":["办公","玩具","家居"],"freq":689256}
{"items":["办公","玩具","服装"],"freq":1407783}
{"items":["办公","食品"],"freq":8305001}
{"items":["办公","食品","服装"],"freq":3583034}
{"items":["办公","家居"],"freq":4233981}
{"items":["办公","家居","电子产品"],"freq":1766433}
{"items":["办公","家居","食品"],"freq":1768329}
{"items":["办公","家居","服装"],"freq":1779002}
{"items":["办公","服装"],"freq":8351080}
{"items":["母婴"],"freq":18202321}
{"items":["母婴","电子产品"],"freq":8183811}
{"items":["母婴","电子产品","食品"],"freq":3506618}
{"items":["母婴","电子产品","食品","服装"],"freq":1295064}
{"items":["母婴","电子产品","服装"],"freq":3530563}
{"items":["母婴","办公"],"freq":2256183}
{"items":["母婴","办公","电子产品"],"freq":931948}
{"items":["母婴","办公","食品"],"freq":929336}
{"items":["母婴","办公","服装"],"freq":937148}
{"items":["母婴","玩具"],"freq":3315953}
{"items":["母婴","玩具","电子产品"],"freq":1376827}
{"items":["母婴","玩具","食品"],"freq":1375732}
{"items":["母婴","玩具","家居"],"freq":678282}
{"items":["母婴","玩具","服装"],"freq":1386499}
{"items":["母婴","食品"],"freq":8183038}
{"items":["母婴","食品","服装"],"freq":3528156}
{"items":["母婴","家居"],"freq":4170664}
{"items":["母婴","家居","电子产品"],"freq":1740085}
{"items":["母婴","家居","食品"],"freq":1739346}
{"items":["母婴","家居","服装"],"freq":1752219}
{"items":["母婴","服装"],"freq":8232270}
{"items":["运动户外"],"freq":17953916}
{"items":["运动户外","电子产品"],"freq":8066465}
{"items":["运动户外","电子产品","食品"],"freq":3458719}
{"items":["运动户外","电子产品","食品","服装"],"freq":1276910}
{"items":["运动户外","电子产品","服装"],"freq":3478622}
{"items":["运动户外","办公"],"freq":2220521}
{"items":["运动户外","办公","电子产品"],"freq":915630}
{"items":["运动户外","办公","食品"],"freq":916432}
{"items":["运动户外","办公","服装"],"freq":922589}
{"items":["运动户外","玩具"],"freq":3270733}
{"items":["运动户外","玩具","电子产品"],"freq":1357002}
{"items":["运动户外","玩具","食品"],"freq":1357358}
{"items":["运动户外","玩具","服装"],"freq":1367938}
{"items":["运动户外","食品"],"freq":8075093}
{"items":["运动户外","食品","服装"],"freq":3483625}
{"items":["运动户外","家居"],"freq":4113522}
{"items":["运动户外","家居","电子产品"],"freq":1715879}
{"items":["运动户外","家居","食品"],"freq":1717891}
{"items":["运动户外","家居","服装"],"freq":1727505}
{"items":["运动户外","母婴"],"freq":2192354}
{"items":["运动户外","母婴","电子产品"],"freq":904584}
{"items":["运动户外","母婴","食品"],"freq":904091}
{"items":["运动户外","母婴","服装"],"freq":910214}
{"items":["运动户外","服装"],"freq":8123189}
{"items":["汽车用品"],"freq":17703575}
{"items":["汽车用品","电子产品"],"freq":7954110}
{"items":["汽车用品","电子产品","食品"],"freq":3408953}
{"items":["汽车用品","电子产品","食品","服装"],"freq":1259809}
{"items":["汽车用品","电子产品","服装"],"freq":3428932}
{"items":["汽车用品","办公"],"freq":2194168}
{"items":["汽车用品","办公","电子产品"],"freq":904224}
{"items":["汽车用品","办公","食品"],"freq":906086}
{"items":["汽车用品","办公","服装"],"freq":911092}
{"items":["汽车用品","玩具"],"freq":3222681}
{"items":["汽车用品","玩具","电子产品"],"freq":1335524}
{"items":["汽车用品","玩具","食品"],"freq":1336611}
{"items":["汽车用品","玩具","服装"],"freq":1346806}
{"items":["汽车用品","运动户外"],"freq":2129882}
{"items":["汽车用品","运动户外","电子产品"],"freq":877299}
{"items":["汽车用品","运动户外","食品"],"freq":878528}
{"items":["汽车用品","运动户外","服装"],"freq":883775}
{"items":["汽车用品","食品"],"freq":7961055}
{"items":["汽车用品","食品","服装"],"freq":3434297}
{"items":["汽车用品","家居"],"freq":4057156}
{"items":["汽车用品","家居","电子产品"],"freq":1691982}
{"items":["汽车用品","家居","食品"],"freq":1693865}
{"items":["汽车用品","家居","服装"],"freq":1701728}
{"items":["汽车用品","母婴"],"freq":2162456}
{"items":["汽车用品","母婴","电子产品"],"freq":891353}
{"items":["汽车用品","母婴","食品"],"freq":892052}
{"items":["汽车用品","母婴","服装"],"freq":897154}
{"items":["汽车用品","服装"],"freq":8005260}