{"prev_main_category":"家居","main_category":"玩具","count":2687462}
{"prev_main_category":"办公","main_category":"食品","count":3183294}
{"prev_main_category":"母婴","main_category":"电子产品","count":2709068}
{"prev_main_category":"食品","main_category":"食品","count":10899340}
{"prev_main_category":"服装","main_category":"玩具","count":6925816}
{"prev_main_category":"家居","main_category":"电子产品","count":5178367}
{"prev_main_category":"运动户外","main_category":"母婴","count":850520}
{"prev_main_category":"家居","main_category":"汽车用品","count":386900}
{"prev_main_category":"家居","main_category":"母婴","count":1822046}
{"prev_main_category":"食品","main_category":"汽车用品","count":447675}
{"prev_main_category":"服装","main_category":"服装","count":13138706}
{"prev_main_category":"玩具","main_category":"服装","count":1519415}
{"prev_main_category":"服装","main_category":"电子产品","count":13532451}
{"prev_main_category":"运动户外","main_category":"家居","count":1251611}
{"prev_main_category":"电子产品","main_category":"母婴","count":2777320}
{"prev_main_category":"运动户外","main_category":"办公","count":1000345}
{"prev_main_category":"母婴","main_category":"汽车用品","count":42780}
{"prev_main_category":"汽车用品","main_category":"家居","count":2187933}
{"prev_main_category":"服装","main_category":"母婴","count":3497815}
{"prev_main_category":"食品","main_category":"家居","count":3671097}
{"prev_main_category":"汽车用品","main_category":"母婴","count":1154009}
{"prev_main_category":"家居","main_category":"食品","count":7166616}
{"prev_main_category":"电子产品","main_category":"玩具","count":4678956}
{"prev_main_category":"汽车用品","main_category":"食品","count":3361516}
{"prev_main_category":"办公","main_category":"玩具","count":1002119}
{"prev_main_category":"食品","main_category":"玩具","count":4666334}
{"prev_main_category":"家居","main_category":"家居","count":1610313}
{"prev_main_category":"办公","main_category":"服装","count":3355837}
{"prev_main_category":"家居","main_category":"办公","count":1950534}
{"prev_main_category":"电子产品","main_category":"家居","count":5694824}
{"prev_main_category":"玩具","main_category":"办公","count":1079011}
{"prev_main_category":"家居","main_category":"运动户外","count":1586008}
{"prev_main_category":"家居","main_category":"服装","count":5375093}
{"prev_main_category":"食品","main_category":"母婴","count":2194032}
{"prev_main_category":"母婴","main_category":"母婴","count":312922}
{"prev_main_category":"汽车用品","main_category":"电子产品","count":2606269}
{"prev_main_category":"电子产品","main_category":"汽车用品","count":2397874}
{"prev_main_category":"食品","main_category":"电子产品","count":10671475}
{"prev_main_category":"电子产品","main_category":"服装","count":11372797}
{"prev_main_category":"玩具","main_category":"电子产品","count":4129193}
{"prev_main_category":"运动户外","main_category":"玩具","count":1706790}
{"prev_main_category":"母婴","main_category":"办公","count":999605}
{"prev_main_category":"母婴","main_category":"玩具","count":1867275}
{"prev_main_category":"服装","main_category":"运动户外","count":3099168}
{"prev_main_category":"电子产品","main_category":"电子产品","count":9719936}
{"prev_main_category":"玩具","main_category":"母婴","count":82922}
{"prev_main_category":"电子产品","main_category":"食品","count":13324585}
{"prev_main_category":"母婴","main_category":"家居","count":1048844}
{"prev_main_category":"运动户外","main_category":"汽车用品","count":38197}
{"prev_main_category":"汽车用品","main_category":"运动户外","count":1161773}
{"prev_main_category":"母婴","main_category":"食品","count":3474171}
{"prev_main_category":"办公","main_category":"家居","count":624725}
{"prev_main_category":"运动户外","main_category":"电子产品","count":2594153}
{"prev_main_category":"服装","main_category":"办公","count":2592775}
{"prev_main_category":"母婴","main_category":"服装","count":3681814}
{"prev_main_category":"汽车用品","main_category":"服装","count":4332111}
{"prev_main_category":"玩具","main_category":"食品","count":5392916}
{"prev_main_category":"办公","main_category":"母婴","count":401272}
{"prev_main_category":"服装","main_category":"家居","count":6879513}
{"prev_main_category":"玩具","main_category":"汽车用品","count":161071}
{"prev_main_category":"办公","main_category":"电子产品","count":2452116}
{"prev_main_category":"玩具","main_category":"家居","count":1087776}
{"prev_main_category":"食品","main_category":"运动户外","count":2249230}
{"prev_main_category":"食品","main_category":"办公","count":2704923}
{"prev_main_category":"汽车用品","main_category":"办公","count":888233}
{"prev_main_category":"运动户外","main_category":"食品","count":3227952}
{"prev_main_category":"运动户外","main_category":"服装","count":4167388}
{"prev_main_category":"玩具","main_category":"运动户外","count":72536}
{"prev_main_category":"电子产品","main_category":"运动户外","count":2888788}
{"prev_main_category":"办公","main_category":"办公","count":169236}
{"prev_main_category":"食品","main_category":"服装","count":8299798}
{"prev_main_category":"玩具","main_category":"玩具","count":1312680}
{"prev_main_category":"服装","main_category":"食品","count":16293681}
{"prev_main_category":"办公","main_category":"汽车用品","count":85312}
{"prev_main_category":"母婴","main_category":"运动户外","count":967245}
{"prev_main_category":"汽车用品","main_category":"汽车用品","count":496150}
{"prev_main_category":"汽车用品","main_category":"玩具","count":649720}
{"prev_main_category":"电子产品","main_category":"办公","count":3198418}
{"prev_main_category":"办公","main_category":"运动户外","count":443465}
{"prev_main_category":"服装","main_category":"汽车用品","count":1283356}
{"prev_main_category":"运动户外","main_category":"运动户外","count":373097}
