{"items":["电子产品"],"freq":63198925}
{"items":["服装"],"freq":58384244}
{"items":["服装","电子产品"],"freq":32436791}
{"items":["食品"],"freq":58107077}
{"items":["食品","服装"],"freq":30051542}
{"items":["食品","服装","电子产品"],"freq":14497403}
{"items":["食品","电子产品"],"freq":32264389}
{"items":["家居"],"freq":31074264}
{"items":["家居","食品"],"freq":15338326}
{"items":["家居","食品","服装"],"freq":6691729}
{"items":["家居","食品","服装","电子产品"],"freq":2737756}
{"items":["家居","食品","电子产品"],"freq":7220063}
{"items":["家居","服装"],"freq":15416071}
{"items":["家居","服装","电子产品"],"freq":7258886}
{"items":["家居","电子产品"],"freq":16562158}
{"items":["玩具"],"freq":24896195}
{"items":["玩具","食品"],"freq":12195560}
{"items":["玩具","食品","服装"],"freq":5290743}
{"items":["玩具","食品","服装","电子产品"],"freq":2148447}
{"items":["玩具","食品","电子产品"],"freq":5715191}
{"items":["玩具","服装"],"freq":12270032}
{"items":["玩具","服装","电子产品"],"freq":5751609}
{"items":["玩具","家居"],"freq":6226182}
{"items":["玩具","家居","食品"],"freq":2615948}
{"items":["玩具","家居","服装"],"freq":2632519}
{"items":["玩具","家居","电子产品"],"freq":2842563}
{"items":["玩具","电子产品"],"freq":13183014}
{"items":["办公"],"freq":17080432}
{"items":["办公","食品"],"freq":8305001}
{"items":["办公","食品","服装"],"freq":3583034}
{"items":["办公","食品","电子产品"],"freq":3867133}
{"items":["办公","玩具"],"freq":3365092}
{"items":["办公","服装"],"freq":8351080}
{"items":["办公","服装","电子产品"],"freq":3890410}
{"items":["办公","家居"],"freq":4233981}
{"items":["办公","电子产品"],"freq":8973580}
{"items":["汽车用品"],"freq":17072842}
{"items":["汽车用品","食品"],"freq":7961055}
{"items":["汽车用品","食品","服装"],"freq":3434297}
{"items":["汽车用品","食品","服装","电子产品"],"freq":2397134}
{"items":["汽车用品","食品","电子产品"],"freq":5801808}
{"items":["汽车用品","办公"],"freq":2194168}
{"items":["汽车用品","玩具"],"freq":3222681}
{"items":["汽车用品","玩具","电子产品"],"freq":2327147}
{"items":["汽车用品","服装"],"freq":8005260}
{"items":["汽车用品","服装","电子产品"],"freq":5836689}
{"items":["汽车用品","家居"],"freq":4057156}
{"items":["汽车用品","家居","电子产品"],"freq":2934529}
{"items":["汽车用品","电子产品"],"freq":13086505}
{"items":["母婴"],"freq":16843387}
{"items":["母婴","食品"],"freq":8183038}
{"items":["母婴","食品","服装"],"freq":3528156}
{"items":["母婴","食品","电子产品"],"freq":3811819}
{"items":["母婴","办公"],"freq":2256183}
{"items":["母婴","玩具"],"freq":3315953}
{"items":["母婴","服装"],"freq":8232270}
{"items":["母婴","服装","电子产品"],"freq":3837525}
{"items":["母婴","家居"],"freq":4170664}
{"items":["母婴","汽车用品"],"freq":2162456}
{"items":["母婴","电子产品"],"freq":8851989}
{"items":["运动户外"],"freq":16615722}
{"items":["运动户外","食品"],"freq":8075093}
{"items":["运动户外","食品","服装"],"freq":3483625}
{"items":["运动户外","食品","电子产品"],"freq":3759068}
{"items":["运动户外","办公"],"freq":2220521}
{"items":["运动户外","玩具"],"freq":3270733}
{"items":["运动户外","母婴"],"freq":2192354}
{"items":["运动户外","服装"],"freq":8123189}
{"items":["运动户外","服装","电子产品"],"freq":3781546}
{"items":["运动户外","家居"],"freq":4113522}
{"items":["运动户外","汽车用品"],"freq":2129882}
{"items":["运动户外","电子产品"],"freq":8723440}
