{"前项":"办公","后项":"电子产品","置信度":"0.53","提升度":"0.86"}
{"前项":"电子产品","后项":"服装","置信度":"0.51","提升度":"0.91"}
{"前项":"电子产品","后项":"食品","置信度":"0.51","提升度":"0.91"}
{"前项":"汽车用品 + 家居","后项":"电子产品","置信度":"0.72","提升度":"1.18"}
{"前项":"运动户外","后项":"电子产品","置信度":"0.53","提升度":"0.86"}
{"前项":"汽车用品 + 玩具","后项":"电子产品","置信度":"0.72","提升度":"1.18"}
{"前项":"汽车用品 + 服装","后项":"电子产品","置信度":"0.73","提升度":"1.19"}
{"前项":"汽车用品 + 食品 + 服装","后项":"电子产品","置信度":"0.70","提升度":"1.14"}
{"前项":"汽车用品 + 食品","后项":"电子产品","置信度":"0.73","提升度":"1.19"}
{"前项":"母婴","后项":"电子产品","置信度":"0.53","提升度":"0.86"}
{"前项":"食品","后项":"服装","置信度":"0.52","提升度":"0.92"}
{"前项":"食品","后项":"电子产品","置信度":"0.56","提升度":"0.91"}
{"前项":"汽车用品","后项":"电子产品","置信度":"0.77","提升度":"1.25"}
{"前项":"服装","后项":"电子产品","置信度":"0.56","提升度":"0.91"}
{"前项":"服装","后项":"食品","置信度":"0.51","提升度":"0.92"}
{"前项":"玩具","后项":"电子产品","置信度":"0.53","提升度":"0.87"}


